job_id,job_position,company_name,location,full_or_part_time,job_level,company_size
3765437806,,,,,,
3774756698,,,,,,
3761138917,,,,,,
3766076933,,,,,,
1,,,,,,
2,,,,,,
3,,,,,,
4,,,,,,
5,,,,,,
22,,,,,,
44,,,,,,
3762667125,,,,,,
3762129397,,,,,,
3774362610,,,,,,
3759912948,,,,,,
3766609999,,,,,,
3742674456,,,,,,
3769282130,,,,,,
3776045277,,,,,,
3775271670,,,,,,
3729903977,,,,,,
3767967956,,,,,,
3773320982,,,,,,
3775179226,,,,,,
3776036729,,,,,,
3759040963,,,,,,
3774388922,,,,,,
3731397369,,,,,,
3775360375,,,,,,
3774719577,,,,,,
3773629096,,,,,,
3774728276,,,,,,
3775714095,,,,,,
3766076933,,,,,,
3776903301,,,,,,
3689019258,,,,,,
3767605800,,,,,,
3770175075,,,,,,
3769033359,,,,,,
3762878484,,,,,,
3762667125,,,,,,
3762129397,,,,,,
3774362610,,,,,,
3759912948,,,,,,
3766609999,,,,,,
3742674456,,,,,,
3769282130,,,,,,
3767605800,,,,,,
3770175075,,,,,,
3769033359,,,,,,
3762878484,,,,,,
3769256972,Alternance Data Analyst,s,,Internship,Internship,1-10 employees Â· Higher Education
